"Working Hour","Average Foot Fall Per Hour"
"5","0.4666666666666667"
"6","1.4666666666666666"
"7","0.5666666666666667"
"8","1.9666666666666666"
"9","0.4666666666666667"
"10","1.4"
"11","0.6"
"12","0.0"
"13","0.03333333333333333"
"14","0.4666666666666667"
"15","0.0"
"16","0.5"
"17","0.03333333333333333"
"18","0.03333333333333333"
