"Working Hour","Average Foot Fall Per Hour"
"5","0.0"
"6","0.0"
"7","0.0"
"8","0.43333333333333335"
"9","0.03333333333333333"
"10","0.0"
"11","0.03333333333333333"
"12","0.0"
"13","0.0"
"14","0.0"
"15","0.0"
"16","0.03333333333333333"
"17","0.0"
"18","0.0"
